hires_rate,threshold,ratio,psnr
0,0.00392156862745098,39.24496437335153,58.64278421965645
0,0.00784313725490196,39.24496437335153,58.64278421965645
0,0.011764705882352941,39.415126914257094,58.589162812793916
0,0.01568627450980392,41.39262037562454,58.15806196856599
0,0.0196078431372549,43.77484228860819,56.938471227360736
0,0.023529411764705882,46.37526748333075,55.68261353923509
0,0.027450980392156862,48.170940308604195,54.5390742246932
